team_name,batters_avg_age,pitchers_avg_age,Batting_Park_Factor,Pitching_Park_Factor,HoF,AllStars,AllTimeASapp,Est_Payroll,AvgGameStartTime,yearID
Atlanta Braves,27.4,25.8,105,106,2,1,13,"$15,065,501",2:48,1990
Baltimore Orioles,27.4,26.2,97,97,1,2,10,"$10,100,084",3:03,1990
Boston Red Sox,28.9,30.6,104,104,2,3,13,"$20,858,333",2:58,1990
California Angels,29.9,28.1,97,97,2,2,17,"$22,417,500",2:58,1990
Chicago Cubs,28.2,26.1,108,108,3,3,8,"$14,599,000",2:44,1990
Chicago White Sox,27.7,24.9,98,98,2,2,11,"$10,721,500",3:01,1990
Cincinnati Reds,27.5,27.4,105,105,1,5,13,"$14,470,000",2:42,1990
Cleveland Indians,27.3,28.2,99,100,0,3,10,"$15,208,000",2:45,1990
Detroit Tigers,30.7,30.3,101,102,2,2,12,"$18,393,238",2:59,1990
Houston Astros,28.4,31.8,97,98,1,1,11,"$18,752,500",2:48,1990
Kansas City Royals,29.8,27.3,98,98,1,1,18,"$24,161,084",2:50,1990
Los Angeles Dodgers,29.7,28.2,97,97,1,2,16,"$22,018,704",2:51,1990
Milwaukee Brewers,29.5,28.6,99,99,2,1,8,"$20,149,167",2:56,1990
Minnesota Twins,29.5,27.1,106,106,1,1,5,"$15,272,000",2:41,1990
Montreal Expos,27.7,29.3,96,96,2,2,9,"$17,334,888",2:54,1990
New York Mets,27.5,28.0,100,99,0,3,13,"$21,922,834",2:52,1990
New York Yankees,28.2,29.1,100,101,1,1,10,"$21,312,318",2:57,1990
Oakland Athletics,29.1,31.7,95,94,3,5,19,"$20,087,501",2:54,1990
Philadelphia Phillies,28.6,26.5,99,100,0,1,12,"$13,740,167",2:52,1990
Pittsburgh Pirates,27.7,28.9,96,95,0,3,12,"$15,556,000",2:48,1990
San Diego Padres,28.7,29.5,101,101,2,3,13,"$17,788,334",2:46,1990
Seattle Mariners,27.9,26.9,100,100,3,2,12,"$12,867,667",2:52,1990
San Francisco Giants,29.1,29.5,96,96,1,4,17,"$21,565,333",2:50,1990
St. Louis Cardinals,29.4,29.8,100,100,2,1,12,"$21,048,334",2:47,1990
Texas Rangers,27.5,30.3,100,100,2,1,12,"$15,597,872",2:57,1990
Toronto Blue Jays,26.9,29.0,106,105,0,3,14,"$19,259,334",2:56,1990
Atlanta Braves,28.0,27.1,106,106,2,1,14,"$18,403,500",2:52,1991
Baltimore Orioles,28.2,27.4,96,97,2,1,10,"$17,519,000",3:02,1991
Boston Red Sox,28.9,30.8,105,105,1,3,13,"$35,167,500",2:59,1991
California Angels,30.9,27.9,99,100,1,2,12,"$33,060,001",2:53,1991
Chicago Cubs,29.0,27.5,104,105,3,3,11,"$23,380,667",2:51,1991
Chicago White Sox,27.8,26.7,98,97,3,3,15,"$16,919,667",3:07,1991
Cincinnati Reds,28.2,27.6,104,104,1,5,12,"$26,305,333",2:48,1991
Cleveland Indians,25.5,26.8,101,102,1,1,10,"$17,635,000",2:46,1991
Detroit Tigers,29.2,30.8,102,102,1,1,9,"$23,838,333",3:06,1991
Houston Astros,26.1,26.4,93,94,2,2,12,"$12,852,500",2:53,1991
Kansas City Royals,28.6,27.6,100,101,1,1,12,"$26,319,834",2:55,1991
Los Angeles Dodgers,30.2,30.2,98,97,2,5,16,"$32,790,664",2:59,1991
Milwaukee Brewers,30.3,27.0,98,98,2,1,9,"$23,115,500",2:57,1991
Minnesota Twins,29.1,28.6,105,104,2,3,8,"$23,361,833",2:47,1991
Montreal Expos,27.7,28.4,99,99,1,2,8,"$10,732,333",2:53,1991
New York Mets,29.1,28.0,99,99,0,2,14,"$32,590,001",2:54,1991
New York Yankees,27.7,29.5,100,101,0,1,10,"$27,344,168",3:00,1991
Oakland Athletics,29.9,30.9,94,93,3,5,19,"$36,999,167",3:02,1991
Philadelphia Phillies,29.0,26.7,99,99,0,1,12,"$22,487,332",2:50,1991
Pittsburgh Pirates,28.1,28.4,99,97,0,2,10,"$23,634,667",2:48,1991
San Diego Padres,28.0,29.0,103,103,1,2,12,"$22,150,001",2:47,1991
Seattle Mariners,28.1,27.5,100,100,3,1,10,"$15,691,833",2:54,1991
San Francisco Giants,28.4,28.9,96,97,0,1,17,"$30,967,666",2:50,1991
St. Louis Cardinals,28.5,29.4,100,100,2,3,11,"$21,860,001",2:45,1991
Texas Rangers,27.7,29.0,98,99,3,3,14,"$18,224,500",3:05,1991
Toronto Blue Jays,27.6,28.2,104,103,1,3,16,"$19,902,417",2:55,1991
Atlanta Braves,28.4,27.5,107,105,2,4,16,"$34,625,333",2:50,1992
Baltimore Orioles,28.4,27.9,101,101,2,3,9,"$23,891,667",3:04,1992
Boston Red Sox,28.7,31.5,106,106,1,2,13,"$43,610,584",3:01,1992
California Angels,28.1,28.8,100,100,1,1,11,"$34,749,334",2:51,1992
Chicago Cubs,28.3,27.2,103,103,3,2,11,"$29,829,686",2:45,1992
Chicago White Sox,28.7,28.9,99,98,3,2,14,"$30,160,833",2:58,1992
Cincinnati Reds,27.9,28.1,104,104,1,2,11,"$33,431,499",2:48,1992
Cleveland Indians,25.7,27.0,98,99,1,3,11,"$9,373,044",2:55,1992
Detroit Tigers,30.0,29.6,100,100,1,1,7,"$27,322,834",3:02,1992
Houston Astros,26.4,27.1,95,96,2,2,10,"$15,407,500",2:54,1992
Kansas City Royals,28.9,27.1,102,102,1,1,13,"$33,893,834",2:47,1992
Los Angeles Dodgers,28.4,31.4,99,99,2,1,16,"$44,788,166",2:54,1992
Milwaukee Brewers,29.7,27.5,98,98,2,1,12,"$31,013,667",2:57,1992
Minnesota Twins,28.7,27.7,102,102,1,3,6,"$28,027,834",2:53,1992
Montreal Expos,27.4,28.0,100,99,2,2,12,"$15,822,334",2:54,1992
New York Mets,30.0,28.2,99,100,1,1,14,"$44,602,002",2:56,1992
New York Yankees,28.2,29.5,99,99,0,1,11,"$37,652,334",3:00,1992
Oakland Athletics,30.1,32.0,94,94,4,3,20,"$41,035,000",3:03,1992
Philadelphia Phillies,27.7,26.8,100,100,0,2,12,"$24,492,834",2:48,1992
Pittsburgh Pirates,28.7,29.2,100,99,0,2,9,"$33,944,167",2:51,1992
San Diego Padres,28.4,29.1,102,102,1,5,9,"$26,854,167",2:46,1992
Seattle Mariners,28.3,27.4,100,100,3,2,12,"$23,304,833",2:54,1992
San Francisco Giants,28.1,28.2,95,95,0,1,10,"$33,163,168",2:51,1992
St. Louis Cardinals,28.6,28.7,97,97,2,4,12,"$27,583,836",2:51,1992
Texas Rangers,27.3,29.6,97,97,2,3,15,"$30,128,167",3:01,1992
Toronto Blue Jays,29.3,30.0,104,103,3,3,20,"$44,788,666",3:00,1992
Atlanta Braves,28.8,26.8,100,99,4,5,17,"$41,641,417",2:49,1993
Baltimore Orioles,29.4,28.4,104,103,3,2,13,"$29,096,500",3:03,1993
Boston Red Sox,29.6,30.6,106,107,1,1,11,"$37,120,583",2:59,1993
California Angels,27.2,28.8,102,103,0,1,10,"$28,588,334",2:53,1993
Chicago Cubs,28.0,28.3,97,97,1,2,10,"$39,386,666",2:43,1993
Chicago White Sox,28.9,26.6,98,97,3,2,18,"$39,696,166",2:53,1993
Cincinnati Reds,28.4,27.9,100,99,1,2,13,"$44,879,666",2:41,1993
Cleveland Indians,27.2,27.3,100,100,1,2,11,"$18,561,000",2:56,1993
Colorado Rockies,27.7,27.1,116,118,0,1,9,"$10,353,500",2:51,1993
Detroit Tigers,30.8,30.1,99,99,1,2,9,"$38,150,165",3:07,1993
Florida Marlins,27.7,29.7,104,105,1,2,10,"$19,330,545",2:52,1993
Houston Astros,27.1,28.3,95,95,2,1,13,"$30,210,500",2:48,1993
Kansas City Royals,30.1,27.4,106,106,1,1,11,"$41,455,167",2:48,1993
Los Angeles Dodgers,28.9,29.3,94,94,2,1,14,"$39,440,999",2:57,1993
Milwaukee Brewers,28.5,27.3,99,98,1,1,12,"$23,806,834",2:55,1993
Minnesota Twins,29.7,27.5,100,100,2,2,6,"$28,217,933",2:50,1993
Montreal Expos,25.7,27.9,104,103,1,1,12,"$18,899,333",2:52,1993
New York Mets,29.4,29.2,98,99,1,1,14,"$39,043,667",2:44,1993
New York Yankees,29.7,28.9,97,96,2,2,14,"$42,723,000",2:58,1993
Oakland Athletics,28.0,30.9,94,94,3,1,13,"$37,812,333",3:02,1993
Philadelphia Phillies,29.3,28.8,98,98,0,4,14,"$28,538,334",2:54,1993
Pittsburgh Pirates,28.1,27.6,99,99,0,2,10,"$24,822,467",2:44,1993
San Diego Padres,26.9,26.7,101,102,2,2,10,"$25,511,333",2:47,1993
Seattle Mariners,27.9,28.3,101,101,3,2,13,"$33,646,333",2:52,1993
San Francisco Giants,28.0,28.5,96,96,0,4,11,"$35,159,000",2:51,1993
St. Louis Cardinals,28.0,28.7,97,97,2,2,8,"$23,367,334",2:45,1993
Texas Rangers,27.6,30.3,96,96,2,2,13,"$36,376,959",2:58,1993
Toronto Blue Jays,29.2,29.5,101,100,4,7,18,"$47,279,166",2:55,1993
Atlanta Braves,28.2,27.4,102,100,3,3,15,"$49,383,513",2:48,1994
Baltimore Orioles,30.2,29.1,105,104,4,3,13,"$38,849,769",3:11,1994
Boston Red Sox,29.8,30.2,104,104,1,1,10,"$37,859,084",3:06,1994
California Angels,27.7,28.9,100,101,0,1,9,"$25,156,218",3:04,1994
Chicago Cubs,28.2,28.3,99,99,1,1,10,"$36,287,333",2:54,1994
Chicago White Sox,29.9,28.2,98,97,2,3,13,"$39,183,836",3:05,1994
Cincinnati Reds,28.5,27.2,99,99,1,2,11,"$41,073,833",2:53,1994
Cleveland Indians,28.3,30.7,98,97,3,2,14,"$30,490,500",3:08,1994
Colorado Rockies,29.7,28.0,117,118,0,1,9,"$23,887,333",2:54,1994
Detroit Tigers,30.8,31.2,100,101,1,2,11,"$41,446,501",3:09,1994
Florida Marlins,27.6,29.0,102,103,0,1,8,"$21,633,000",2:50,1994
Houston Astros,27.8,27.2,95,94,2,5,15,"$33,126,000",2:54,1994
Kansas City Royals,30.1,28.0,103,104,0,1,11,"$40,541,334",2:52,1994
Los Angeles Dodgers,28.7,30.1,94,93,1,1,11,"$38,000,001",2:59,1994
Milwaukee Brewers,27.9,28.3,104,104,0,1,10,"$24,350,500",3:03,1994
Minnesota Twins,28.9,28.1,100,101,2,2,6,"$28,438,500",2:57,1994
Montreal Expos,26.2,26.2,101,100,2,5,11,"$19,098,000",2:58,1994
New York Mets,27.8,28.6,99,99,0,1,10,"$30,956,583",2:52,1994
New York Yankees,30.5,29.8,96,95,1,3,12,"$46,040,334",3:06,1994
Oakland Athletics,29.2,29.8,91,92,2,1,12,"$34,172,500",3:01,1994
Philadelphia Phillies,29.8,29.3,102,102,0,4,15,"$31,599,000",2:51,1994
Pittsburgh Pirates,29.1,27.2,101,102,0,1,7,"$24,217,250",2:45,1994
San Diego Padres,27.2,26.8,97,98,2,1,7,"$14,916,333",2:51,1994
Seattle Mariners,27.4,27.1,101,101,4,2,10,"$29,228,500",2:57,1994
San Francisco Giants,28.4,28.5,94,94,0,3,9,"$42,638,666",2:53,1994
St. Louis Cardinals,28.9,29.4,98,98,1,2,8,"$29,275,601",2:51,1994
Texas Rangers,27.4,29.0,99,100,1,2,14,"$32,973,597",3:12,1994
Toronto Blue Jays,29.3,29.0,100,100,2,4,14,"$43,433,668",2:58,1994
Atlanta Braves,27.9,27.4,103,101,4,2,16,"$47,235,445",2:41,1995
Baltimore Orioles,30.0,29.3,102,101,3,1,17,"$43,942,521",3:03,1995
Boston Red Sox,28.6,29.1,103,103,0,2,11,"$32,455,518",2:57,1995
California Angels,28.8,30.7,99,99,1,4,11,"$31,223,171",3:05,1995
Chicago Cubs,28.3,27.8,97,97,0,3,9,"$29,505,834",2:54,1995
Chicago White Sox,29.5,27.6,96,95,2,1,17,"$46,961,282",3:00,1995
Cincinnati Reds,28.4,28.3,99,98,1,4,13,"$43,144,670",2:48,1995
Cleveland Indians,29.0,30.6,101,99,3,6,18,"$38,057,835",3:02,1995
Colorado Rockies,29.5,28.6,128,128,1,2,10,"$34,154,717",2:52,1995
Detroit Tigers,28.8,27.8,100,102,1,1,11,"$37,044,168",2:55,1995
Florida Marlins,28.1,28.3,100,100,1,1,8,"$24,515,781",2:50,1995
Houston Astros,28.1,27.9,92,92,2,1,13,"$34,169,834",3:00,1995
Kansas City Royals,29.1,28.0,101,101,0,1,13,"$29,532,834",2:52,1995
Los Angeles Dodgers,27.4,27.8,91,90,1,5,11,"$39,273,201",2:54,1995
Milwaukee Brewers,27.9,27.3,105,105,0,1,10,"$17,798,825",2:57,1995
Minnesota Twins,27.4,25.7,101,102,1,1,7,"$25,410,500",2:54,1995
Montreal Expos,26.2,27.6,103,103,1,1,12,"$12,473,000",2:49,1995
New York Mets,27.4,27.2,96,96,0,1,13,"$27,674,992",2:49,1995
New York Yankees,31.1,28.1,99,98,3,3,20,"$48,874,851",3:01,1995
Oakland Athletics,29.5,30.9,91,91,2,2,13,"$37,739,225",3:01,1995
Philadelphia Phillies,29.7,27.1,99,100,0,5,16,"$30,555,945",2:48,1995
Pittsburgh Pirates,28.3,26.4,101,102,0,1,6,"$18,355,345",2:47,1995
San Diego Padres,28.8,26.6,97,97,2,1,9,"$26,382,334",2:46,1995
Seattle Mariners,28.8,28.9,101,101,3,4,12,"$36,481,311",3:02,1995
San Francisco Giants,28.8,28.6,95,96,0,2,8,"$36,462,777",2:51,1995
St. Louis Cardinals,28.7,30.2,98,99,1,2,11,"$37,101,000",2:42,1995
Texas Rangers,29.1,30.6,103,103,1,2,10,"$34,581,451",2:59,1995
Toronto Blue Jays,28.9,28.7,99,100,2,1,15,"$50,590,000",3:00,1995
Atlanta Braves,27.9,27.9,105,104,4,6,17,"$49,698,500",2:44,1996
Baltimore Orioles,31.2,28.9,100,99,4,3,14,"$54,599,315",3:08,1996
Boston Red Sox,28.4,28.7,101,101,0,1,14,"$42,393,500",3:05,1996
California Angels,29.3,29.1,98,98,1,2,13,"$28,847,000",3:03,1996
Chicago Cubs,29.0,28.3,102,102,1,1,8,"$33,081,000",2:53,1996
Chicago White Sox,30.6,27.8,95,95,2,2,11,"$45,289,500",3:00,1996
Cincinnati Reds,29.3,29.2,100,100,2,1,13,"$42,526,334",2:50,1996
Cleveland Indians,29.7,30.3,99,97,2,5,21,"$48,216,360",3:06,1996
Colorado Rockies,30.1,28.8,123,123,1,3,7,"$40,324,823",2:57,1996
Detroit Tigers,27.0,26.7,100,102,1,1,11,"$23,438,000",3:00,1996
Florida Marlins,27.9,28.0,97,96,1,3,13,"$31,132,000",2:50,1996
Houston Astros,28.2,28.5,92,91,2,2,12,"$28,487,000",2:54,1996
Kansas City Royals,27.1,29.0,99,99,0,1,8,"$20,281,250",2:49,1996
Los Angeles Dodgers,27.9,28.3,93,92,1,2,8,"$35,355,000",2:56,1996
Milwaukee Brewers,27.8,27.2,103,104,0,1,11,"$21,730,000",3:02,1996
Minnesota Twins,28.6,25.8,101,102,1,1,9,"$23,117,000",2:56,1996
Montreal Expos,27.4,27.5,102,102,2,3,9,"$16,264,500",2:53,1996
New York Mets,27.2,27.4,95,95,0,2,11,"$24,479,500",2:47,1996
New York Yankees,30.1,29.3,101,100,4,3,23,"$54,191,792",3:03,1996
Oakland Athletics,28.2,27.1,101,102,0,1,6,"$21,243,000",2:59,1996
Philadelphia Phillies,28.4,27.7,99,101,0,1,12,"$34,314,500",2:47,1996
Pittsburgh Pirates,28.8,27.9,103,104,0,1,9,"$23,017,500",2:49,1996
San Diego Padres,30.9,28.7,94,94,3,2,11,"$28,348,172",2:54,1996
Seattle Mariners,28.7,27.8,99,99,3,5,12,"$41,328,501",3:02,1996
San Francisco Giants,28.9,28.4,95,96,0,2,7,"$37,144,725",2:53,1996
St. Louis Cardinals,30.7,30.9,99,99,2,1,14,"$40,269,667",2:52,1996
Texas Rangers,29.4,30.5,105,105,1,2,13,"$39,041,528",3:01,1996
Toronto Blue Jays,28.6,28.3,99,100,0,1,12,"$30,555,083",2:49,1996
Anaheim Angels,29.8,28.3,102,102,2,1,15,"$31,135,472",3:06,1997
Atlanta Braves,27.9,28.5,102,99,4,7,14,"$52,278,500",2:48,1997
Baltimore Orioles,31.7,30.7,97,96,4,6,15,"$58,516,400",3:08,1997
Boston Red Sox,28.0,27.8,102,102,0,1,12,"$43,558,750",3:01,1997
Chicago Cubs,29.4,28.2,102,102,1,1,9,"$42,155,333",2:52,1997
Chicago White Sox,29.3,29.4,96,96,2,2,15,"$57,740,000",3:01,1997
Cincinnati Reds,28.2,29.6,102,102,1,1,13,"$49,768,000",2:46,1997
Cleveland Indians,30.2,29.7,103,102,1,3,22,"$56,802,460",3:00,1997
Colorado Rockies,30.4,27.9,122,123,1,2,8,"$43,559,667",2:55,1997
Detroit Tigers,26.4,27.5,99,100,0,1,7,"$17,272,000",2:58,1997
Florida Marlins,28.5,27.5,95,96,0,3,14,"$48,692,500",2:56,1997
Houston Astros,28.8,27.0,96,95,2,3,13,"$34,777,500",2:55,1997
Kansas City Royals,28.8,27.6,101,102,0,1,16,"$34,810,000",2:58,1997
Los Angeles Dodgers,29.3,28.9,93,92,2,1,9,"$45,380,304",2:56,1997
Milwaukee Brewers,28.0,28.3,101,102,0,1,11,"$23,655,338",2:55,1997
Minnesota Twins,29.2,28.1,100,101,2,1,14,"$34,072,500",2:56,1997
Montreal Expos,27.7,26.4,99,99,3,1,10,"$19,295,500",2:46,1997
New York Mets,27.3,29.4,97,97,0,2,11,"$39,800,400",2:52,1997
New York Yankees,30.6,29.6,100,98,4,5,20,"$62,241,545",3:11,1997
Oakland Athletics,28.1,27.8,96,97,0,1,7,"$24,018,500",3:03,1997
Philadelphia Phillies,27.8,27.9,100,101,0,1,9,"$36,656,500",2:51,1997
Pittsburgh Pirates,26.6,25.7,103,103,0,1,6,"$10,771,667",2:47,1997
San Diego Padres,30.8,28.1,93,93,3,3,11,"$37,363,672",2:58,1997
Seattle Mariners,29.3,30.4,98,98,3,5,14,"$41,540,661",3:00,1997
San Francisco Giants,29.6,28.9,98,98,0,3,9,"$35,592,378",2:57,1997
St. Louis Cardinals,30.0,29.5,99,99,1,2,15,"$45,456,667",2:51,1997
Texas Rangers,28.3,29.7,105,105,1,1,9,"$53,448,838",2:57,1997
Toronto Blue Jays,29.6,28.8,99,99,0,2,17,"$47,079,833",2:51,1997
Anaheim Angels,28.7,29.8,102,102,0,2,16,"$41,791,000",2:58,1998
Arizona Diamondbacks,27.8,27.4,100,99,0,1,7,"$32,347,000",2:43,1998
Atlanta Braves,28.9,29.5,100,98,4,6,17,"$61,186,000",2:42,1998
Baltimore Orioles,33.2,30.5,98,97,4,3,19,"$72,525,634",3:02,1998
Boston Red Sox,28.8,29.5,102,101,2,3,12,"$56,927,000",2:53,1998
Chicago Cubs,30.1,28.8,103,103,0,1,13,"$50,838,000",2:55,1998
Chicago White Sox,27.4,26.4,97,98,1,1,11,"$39,850,000",2:53,1998
Cincinnati Reds,27.5,28.0,102,102,1,1,14,"$23,005,000",2:46,1998
Cleveland Indians,29.4,29.8,103,102,1,6,17,"$61,718,166",2:59,1998
Colorado Rockies,29.5,27.8,121,122,1,3,6,"$50,484,648",2:46,1998
Detroit Tigers,27.3,26.6,100,101,0,1,7,"$24,265,000",2:51,1998
Florida Marlins,25.5,24.5,94,95,1,1,12,"$41,864,667",2:51,1998
Houston Astros,29.7,27.8,98,97,3,2,10,"$42,374,000",2:54,1998
Kansas City Royals,28.8,28.8,101,102,0,1,12,"$38,097,500",2:50,1998
Los Angeles Dodgers,28.3,27.6,95,95,1,2,15,"$48,820,000",2:46,1998
Milwaukee Brewers,28.3,28.1,100,101,0,1,11,"$34,139,904",2:51,1998
Minnesota Twins,29.9,28.7,101,102,2,1,14,"$28,097,500",2:58,1998
Montreal Expos,25.9,25.7,98,99,1,1,8,"$10,641,500",2:42,1998
New York Mets,28.9,31.7,99,99,1,2,12,"$52,247,999",2:56,1998
New York Yankees,30.5,30.2,97,95,3,5,18,"$66,806,867",3:06,1998
Oakland Athletics,28.8,31.2,96,97,1,1,8,"$21,473,000",2:56,1998
Philadelphia Phillies,27.0,29.3,102,103,0,1,8,"$36,297,500",2:49,1998
Pittsburgh Pirates,26.7,26.5,102,103,0,1,7,"$15,065,000",2:41,1998
San Diego Padres,31.1,29.8,92,92,2,5,11,"$46,861,500",2:44,1998
Seattle Mariners,29.8,31.3,99,98,3,2,11,"$54,802,036",2:55,1998
San Francisco Giants,30.7,31.8,95,95,0,2,11,"$42,738,334",2:56,1998
St. Louis Cardinals,30.5,28.9,100,100,0,1,13,"$54,672,521",2:54,1998
Tampa Bay Devil Rays,29.1,27.9,101,102,1,1,6,"$27,280,000",2:56,1998
Texas Rangers,29.9,29.9,104,103,1,4,10,"$56,752,095",2:56,1998
Toronto Blue Jays,28.9,30.3,99,99,1,1,20,"$51,376,000",2:57,1998
Anaheim Angels,28.6,31.5,99,99,0,1,11,"$55,633,166",2:52,1999
Arizona Diamondbacks,30.0,30.6,101,100,1,4,14,"$68,703,999",2:54,1999
Atlanta Braves,29.6,28.6,99,98,4,2,18,"$73,341,000",2:49,1999
Baltimore Orioles,32.5,30.1,95,95,3,4,16,"$80,805,863",2:58,1999
Boston Red Sox,28.9,30.1,104,103,1,3,11,"$64,097,500",2:54,1999
Chicago Cubs,31.2,28.8,97,98,0,1,14,"$62,343,000",2:53,1999
Chicago White Sox,25.8,26.4,101,101,1,1,7,"$25,820,000",2:55,1999
Cincinnati Reds,28.3,28.0,103,102,1,3,16,"$33,962,761",2:54,1999
Cleveland Indians,29.0,30.6,103,102,3,6,16,"$73,679,962",3:09,1999
Colorado Rockies,29.7,28.9,126,127,1,1,5,"$61,935,837",2:53,1999
Detroit Tigers,27.5,27.6,99,100,0,1,9,"$36,689,666",2:54,1999
Florida Marlins,25.2,26.0,93,94,0,1,9,"$21,085,000",2:52,1999
Houston Astros,29.8,27.4,99,98,2,4,9,"$55,114,000",2:55,1999
Kansas City Royals,26.9,26.9,101,102,0,1,8,"$26,660,000",3:00,1999
Los Angeles Dodgers,29.2,28.6,94,94,0,1,13,"$81,062,453",2:58,1999
Milwaukee Brewers,28.1,28.2,98,99,0,2,11,"$43,377,395",3:04,1999
Minnesota Twins,26.8,26.3,103,104,1,1,13,"$22,107,500",2:57,1999
Montreal Expos,25.9,25.5,97,98,1,1,7,"$17,903,000",2:48,1999
New York Mets,30.1,32.7,97,97,2,1,16,"$68,852,092",3:02,1999
New York Yankees,31.0,31.2,98,96,2,4,17,"$86,934,359",3:11,1999
Oakland Athletics,28.7,31.5,94,94,1,1,11,"$24,831,833",3:04,1999
Philadelphia Phillies,28.2,28.3,104,105,0,3,8,"$31,897,500",2:55,1999
Pittsburgh Pirates,28.3,26.8,100,101,0,1,6,"$25,047,666",2:49,1999
San Diego Padres,29.7,28.8,92,92,2,3,11,"$49,768,179",2:48,1999
Seattle Mariners,29.3,28.2,102,102,2,1,12,"$54,125,003",3:03,1999
San Francisco Giants,30.3,28.6,94,94,0,2,9,"$46,798,057",3:05,1999
St. Louis Cardinals,28.7,28.6,101,101,0,2,11,"$49,988,195",3:01,1999
Tampa Bay Devil Rays,30.2,29.6,100,101,1,2,9,"$38,870,000",3:00,1999
Texas Rangers,30.8,30.1,104,104,1,4,12,"$76,709,931",2:56,1999
Toronto Blue Jays,28.3,27.9,100,100,1,2,14,"$45,444,333",2:58,1999
Anaheim Angels,27.6,28.9,102,102,0,2,12,"$52,664,167",3:05,2000
Arizona Diamondbacks,30.8,31.6,104,103,1,2,13,"$81,027,833",2:54,2000
Atlanta Braves,30.8,31.4,100,99,3,5,19,"$84,737,836",2:54,2000
Baltimore Orioles,32.2,29.1,95,96,3,2,12,"$82,347,435",3:01,2000
Boston Red Sox,29.3,30.2,103,103,1,4,15,"$79,975,333",3:02,2000
Chicago Cubs,30.8,28.4,97,98,0,2,10,"$60,539,333",3:00,2000
Chicago White Sox,27.6,26.5,102,102,2,3,13,"$31,743,500",3:03,2000
Cincinnati Reds,29.2,28.5,102,102,2,3,13,"$46,867,200",3:00,2000
Cleveland Indians,30.1,30.2,101,100,2,4,15,"$76,972,271",3:12,2000
Colorado Rockies,29.2,29.9,125,125,1,3,5,"$61,111,190",3:01,2000
Detroit Tigers,29.1,29.1,94,95,0,1,9,"$59,645,167",3:01,2000
Florida Marlins,26.1,26.7,94,95,0,1,12,"$20,347,000",2:59,2000
Houston Astros,29.1,28.0,107,107,2,1,10,"$51,289,111",3:02,2000
Kansas City Royals,27.6,25.8,103,103,0,2,6,"$24,903,000",3:01,2000
Los Angeles Dodgers,29.6,29.5,94,93,0,2,14,"$88,124,286",3:03,2000
Milwaukee Brewers,28.8,27.4,97,98,0,1,9,"$37,305,333",3:04,2000
Minnesota Twins,26.5,26.6,104,105,1,1,12,"$17,529,500",2:59,2000
Montreal Expos,26.2,26.1,103,104,1,2,7,"$32,994,333",2:51,2000
New York Mets,30.4,31.0,96,96,2,3,12,"$79,509,776",3:04,2000
New York Yankees,31.4,32.0,99,98,2,4,23,"$93,113,260",3:09,2000
Oakland Athletics,27.3,29.5,96,95,0,3,12,"$33,172,333",3:08,2000
Philadelphia Phillies,28.5,28.7,100,101,0,1,13,"$47,513,000",2:59,2000
Pittsburgh Pirates,28.3,27.1,99,100,0,2,7,"$31,328,334",2:57,2000
San Diego Padres,28.6,27.5,92,92,2,1,9,"$55,021,000",2:57,2000
Seattle Mariners,31.4,29.3,94,93,2,3,16,"$60,495,000",3:08,2000
San Francisco Giants,29.9,28.5,93,92,0,2,10,"$53,737,826",3:01,2000
St. Louis Cardinals,29.7,29.3,101,101,0,4,16,"$61,653,863",3:01,2000
Tampa Bay Devil Rays,30.1,29.3,98,100,0,1,10,"$63,265,129",2:58,2000
Texas Rangers,29.5,28.7,101,102,1,1,11,"$70,795,921",3:06,2000
Toronto Blue Jays,28.1,28.9,103,103,1,3,12,"$46,038,332",3:00,2000
Anaheim Angels,27.9,28.9,101,100,0,2,7,"$47,735,167",2:57,2001
Arizona Diamondbacks,31.9,30.9,108,107,1,3,14,"$85,082,999",2:58,2001
Atlanta Braves,30.3,31.1,103,102,4,2,17,"$91,936,166",2:53,2001
Baltimore Orioles,30.2,27.6,95,96,2,1,10,"$74,279,540",2:59,2001
Boston Red Sox,30.0,30.9,101,100,1,1,16,"$110,035,833",3:04,2001
Chicago Cubs,30.7,29.8,95,95,0,2,13,"$64,715,833",2:56,2001
Chicago White Sox,28.5,26.2,104,103,2,1,16,"$65,653,667",2:57,2001
Cincinnati Reds,28.0,27.4,105,105,2,1,11,"$48,986,000",2:58,2001
Cleveland Indians,31.1,29.1,100,100,2,2,17,"$93,360,001",3:06,2001
Colorado Rockies,28.3,28.7,122,122,1,3,7,"$71,541,334",3:02,2001
Detroit Tigers,28.3,28.1,93,95,0,1,8,"$53,416,167",2:52,2001
Florida Marlins,27.3,26.5,96,97,0,2,14,"$35,762,500",2:53,2001
Houston Astros,30.3,28.4,106,106,2,3,12,"$60,612,667",2:58,2001
Kansas City Royals,28.2,27.3,106,107,0,1,8,"$35,422,500",2:53,2001
Los Angeles Dodgers,30.2,30.5,92,91,0,2,15,"$109,105,953",3:00,2001
Milwaukee Brewers,29.4,27.3,97,98,0,1,10,"$43,886,833",2:55,2001
Minnesota Twins,26.2,27.4,101,101,1,3,15,"$24,130,000",2:56,2001
Montreal Expos,27.6,27.4,101,102,2,1,7,"$35,159,500",2:51,2001
New York Mets,30.4,31.1,95,95,1,2,10,"$93,174,428",3:02,2001
New York Yankees,31.3,30.9,101,100,3,7,17,"$112,787,143",3:09,2001
Oakland Athletics,27.3,28.0,98,97,0,1,11,"$33,810,750",3:03,2001
Philadelphia Phillies,26.9,28.9,97,97,0,1,10,"$41,663,833",2:55,2001
Pittsburgh Pirates,27.8,28.1,103,104,0,1,11,"$57,760,833",2:48,2001
San Diego Padres,28.9,28.7,91,91,3,2,8,"$39,182,833",2:59,2001
Seattle Mariners,31.4,30.8,94,92,1,8,19,"$74,720,834",3:03,2001
San Francisco Giants,31.5,29.2,93,91,0,3,13,"$63,280,167",3:06,2001
St. Louis Cardinals,28.8,29.3,100,99,0,2,13,"$79,373,333",2:57,2001
Tampa Bay Devil Rays,28.1,26.9,97,99,0,1,6,"$56,980,000",2:52,2001
Texas Rangers,29.9,28.5,104,104,1,2,15,"$88,633,500",3:04,2001
Toronto Blue Jays,28.2,28.5,102,102,1,1,13,"$76,895,999",2:59,2001
Anaheim Angels,28.3,30.2,100,99,0,1,11,"$61,721,667",2:59,2002
Arizona Diamondbacks,31.7,31.7,111,110,1,6,14,"$102,819,999",2:59,2002
Atlanta Braves,30.6,31.1,102,101,4,4,15,"$93,470,367",2:58,2002
Baltimore Orioles,29.2,27.8,95,96,0,1,8,"$64,493,487",2:55,2002
Boston Red Sox,29.9,31.1,103,102,2,7,17,"$108,366,060",2:53,2002
Chicago Cubs,30.2,27.6,98,98,0,1,12,"$75,690,833",2:57,2002
Chicago White Sox,28.9,25.8,101,101,1,2,13,"$57,052,833",2:49,2002
Cincinnati Reds,27.7,28.7,104,104,2,1,10,"$45,050,390",2:58,2002
Cleveland Indians,30.4,28.1,97,98,1,1,20,"$78,909,449",2:53,2002
Colorado Rockies,28.7,28.5,115,116,1,1,9,"$56,851,043",2:59,2002
Detroit Tigers,28.1,28.1,92,95,0,1,10,"$55,048,000",2:45,2002
Florida Marlins,28.4,26.1,97,97,1,2,13,"$41,979,917",3:00,2002
Houston Astros,30.1,27.3,106,105,2,1,11,"$63,448,417",2:55,2002
Kansas City Royals,29.3,27.8,110,111,0,1,7,"$47,257,000",2:54,2002
Los Angeles Dodgers,30.0,31.0,92,92,0,3,15,"$94,850,953",2:55,2002
Milwaukee Brewers,29.9,26.8,98,99,0,2,8,"$50,287,833",2:51,2002
Minnesota Twins,26.6,28.8,100,100,1,3,11,"$40,425,000",2:54,2002
Montreal Expos,28.2,27.7,103,103,1,2,9,"$38,670,500",2:55,2002
New York Mets,30.6,30.3,96,97,2,1,11,"$94,633,593",3:01,2002
New York Yankees,30.0,33.1,100,99,3,6,16,"$125,928,583",3:09,2002
Oakland Athletics,28.6,27.4,98,97,0,2,10,"$40,004,167",3:01,2002
Philadelphia Phillies,27.5,28.5,94,94,0,3,13,"$57,954,999",3:01,2002
Pittsburgh Pirates,27.9,28.1,102,103,0,1,6,"$42,323,599",2:49,2002
San Diego Padres,29.1,27.8,90,91,1,1,7,"$41,425,000",2:53,2002
Seattle Mariners,31.2,30.2,97,95,1,3,20,"$80,282,668",2:58,2002
San Francisco Giants,32.1,29.2,95,94,0,3,12,"$78,299,835",3:02,2002
St. Louis Cardinals,28.9,30.2,98,97,0,1,14,"$74,660,875",2:56,2002
Tampa Bay Devil Rays,27.1,26.9,97,99,0,1,6,"$34,380,000",2:51,2002
Texas Rangers,29.0,29.7,106,106,1,1,12,"$105,726,122",3:05,2002
Toronto Blue Jays,27.2,27.4,104,103,1,1,11,"$76,864,333",2:55,2002
Anaheim Angels,29.1,29.0,98,97,0,3,12,"$79,031,667",2:47,2003
Arizona Diamondbacks,30.6,29.2,108,109,1,1,17,"$80,657,000",2:52,2003
Atlanta Braves,30.3,31.1,101,100,3,7,17,"$106,243,667",2:54,2003
Baltimore Orioles,29.3,29.2,99,99,0,1,8,"$73,877,500",2:50,2003
Boston Red Sox,29.7,31.2,105,103,2,3,15,"$99,946,500",2:57,2003
Chicago Cubs,31.3,28.2,101,101,0,2,14,"$79,868,333",2:51,2003
Chicago White Sox,29.4,27.9,102,102,2,3,14,"$51,010,000",2:44,2003
Cincinnati Reds,27.3,28.0,95,96,2,1,9,"$59,355,667",2:50,2003
Cleveland Indians,27.1,26.3,96,97,0,1,14,"$48,584,834",2:43,2003
Colorado Rockies,29.5,28.0,115,116,1,3,13,"$67,179,667",2:49,2003
Detroit Tigers,27.3,25.3,93,95,0,1,7,"$49,168,000",2:39,2003
Florida Marlins,27.7,26.3,98,98,1,3,14,"$49,450,000",2:50,2003
Houston Astros,31.1,27.6,103,102,2,1,9,"$71,040,000",2:50,2003
Kansas City Royals,29.2,28.0,107,108,0,2,8,"$40,518,000",2:46,2003
Los Angeles Dodgers,29.9,31.2,94,94,1,3,19,"$105,872,620",2:46,2003
Milwaukee Brewers,29.8,27.6,98,100,0,2,9,"$40,627,000",2:50,2003
Minnesota Twins,27.2,29.7,101,100,0,1,15,"$55,505,000",2:47,2003
Montreal Expos,27.7,26.7,105,105,1,1,6,"$51,948,500",2:49,2003
New York Mets,29.3,31.6,97,98,3,1,17,"$117,176,429",2:52,2003
New York Yankees,30.4,33.7,98,97,3,5,19,"$152,749,814",3:00,2003
Oakland Athletics,28.3,27.4,99,98,0,4,10,"$50,260,834",2:46,2003
Philadelphia Phillies,28.3,29.0,93,93,1,1,13,"$70,780,000",2:58,2003
Pittsburgh Pirates,29.7,28.3,102,102,0,1,10,"$54,812,429",2:49,2003
San Diego Padres,28.5,27.8,91,92,1,1,13,"$45,210,000",2:53,2003
Seattle Mariners,32.0,29.8,95,95,1,5,20,"$86,959,167",2:48,2003
San Francisco Giants,32.1,28.6,99,98,0,2,12,"$82,852,167",2:52,2003
St. Louis Cardinals,29.9,31.2,97,96,0,5,12,"$83,786,666",2:54,2003
Tampa Bay Devil Rays,26.3,26.4,95,97,0,1,4,"$19,630,000",2:45,2003
Texas Rangers,28.4,28.1,111,111,0,2,13,"$103,491,667",2:54,2003
Toronto Blue Jays,28.4,29.0,104,104,1,3,6,"$51,269,000",2:51,2003
Anaheim Angels,28.9,29.0,97,96,1,2,15,"$100,534,667",2:52,2004
Arizona Diamondbacks,28.9,29.3,105,106,2,1,10,"$69,780,750",2:46,2004
Atlanta Braves,28.9,30.1,101,99,2,1,11,"$90,182,500",2:50,2004
Baltimore Orioles,30.5,27.4,98,98,0,1,8,"$51,623,333",3:00,2004
Boston Red Sox,30.4,32.5,106,104,2,3,15,"$127,298,500",2:59,2004
Chicago Cubs,30.1,29.1,102,102,1,3,14,"$90,560,000",2:49,2004
Chicago White Sox,28.6,28.2,102,101,2,1,15,"$65,212,500",2:41,2004
Cincinnati Reds,28.4,28.5,97,98,2,4,7,"$46,915,250",2:53,2004
Cleveland Indians,28.6,27.3,94,94,0,5,12,"$34,319,300",2:55,2004
Colorado Rockies,30.4,28.8,113,114,1,1,13,"$65,445,167",2:51,2004
Detroit Tigers,28.1,27.5,94,96,1,2,10,"$46,832,000",2:46,2004
Florida Marlins,28.8,27.8,95,95,0,4,14,"$42,143,042",2:45,2004
Houston Astros,31.7,29.6,101,100,2,4,11,"$75,397,000",2:52,2004
Kansas City Royals,29.0,27.4,101,103,0,1,10,"$47,609,000",2:47,2004
Los Angeles Dodgers,28.9,29.5,95,95,0,2,16,"$92,902,001",2:51,2004
Milwaukee Brewers,28.5,27.2,100,101,0,2,7,"$27,528,500",2:55,2004
Minnesota Twins,27.8,28.2,102,102,0,1,13,"$53,890,000",2:48,2004
Montreal Expos,27.5,26.5,104,105,0,1,5,"$41,197,500",2:51,2004
New York Mets,29.8,32.5,98,99,2,2,14,"$102,035,970",2:59,2004
New York Yankees,32.3,32.9,98,97,3,8,21,"$184,193,950",2:59,2004
Oakland Athletics,29.6,28.4,99,98,0,2,10,"$59,425,667",2:54,2004
Philadelphia Phillies,29.3,29.8,105,104,1,2,15,"$93,219,167",2:59,2004
Pittsburgh Pirates,27.2,27.7,99,99,0,1,9,"$32,227,929",2:48,2004
San Diego Padres,29.6,30.0,90,90,1,1,13,"$55,384,833",2:46,2004
Seattle Mariners,31.6,30.4,97,97,1,1,19,"$81,515,834",2:55,2004
San Francisco Giants,31.6,30.1,101,101,0,2,8,"$82,019,166",2:55,2004
St. Louis Cardinals,30.6,30.1,99,98,1,3,15,"$84,340,333",2:52,2004
Tampa Bay Devil Rays,28.1,27.5,96,97,0,1,8,"$29,856,667",2:46,2004
Texas Rangers,27.7,30.6,108,108,0,5,14,"$55,050,417",2:51,2004
Toronto Blue Jays,28.0,28.6,104,104,1,1,8,"$50,017,000",2:45,2004
Arizona Diamondbacks,30.3,27.4,103,104,0,1,10,"$62,629,166",2:56,2005
Atlanta Braves,28.1,28.6,101,100,2,2,13,"$86,457,302",2:46,2005
Baltimore Orioles,31.5,28.3,99,99,0,4,9,"$73,914,333",2:53,2005
Boston Red Sox,31.3,33.6,104,104,1,5,17,"$123,505,125",3:01,2005
Chicago Cubs,29.7,28.2,104,104,1,2,13,"$87,032,933",2:45,2005
Chicago White Sox,29.3,29.3,103,103,1,4,13,"$75,178,000",2:49,2005
Cincinnati Reds,28.6,28.9,100,101,1,1,8,"$61,892,583",2:53,2005
Cleveland Indians,27.5,29.2,96,96,0,1,14,"$41,502,500",2:51,2005
Colorado Rockies,27.2,27.3,112,113,0,1,8,"$47,839,000",2:48,2005
Detroit Tigers,28.5,28.0,97,97,1,1,15,"$69,092,000",2:44,2005
Florida Marlins,29.7,29.5,94,94,0,4,16,"$60,408,834",2:49,2005
Houston Astros,30.3,30.3,101,100,2,4,10,"$76,779,000",2:43,2005
Kansas City Royals,28.1,25.7,99,101,0,1,6,"$36,881,000",2:48,2005
Los Angeles Angels of Anaheim,29.8,28.5,98,97,1,3,12,"$94,867,822",2:50,2005
Los Angeles Dodgers,28.7,28.5,98,97,0,2,14,"$83,039,000",2:50,2005
Milwaukee Brewers,28.4,28.0,100,101,0,1,14,"$39,934,833",2:53,2005
Minnesota Twins,27.6,27.9,102,102,0,2,13,"$56,186,000",2:43,2005
New York Mets,28.8,31.9,97,97,3,3,13,"$101,305,821",2:50,2005
New York Yankees,32.4,34.2,98,97,4,3,23,"$208,306,817",3:02,2005
Oakland Athletics,28.6,26.6,100,100,0,1,7,"$55,425,762",2:45,2005
Philadelphia Phillies,30.0,29.7,105,104,1,3,16,"$95,522,000",2:51,2005
Pittsburgh Pirates,27.4,28.7,99,99,0,1,13,"$38,133,000",2:46,2005
San Diego Padres,31.1,31.0,91,91,1,1,12,"$63,290,833",2:47,2005
Seattle Mariners,28.7,31.4,95,96,0,1,21,"$87,754,334",2:47,2005
San Francisco Giants,32.2,30.0,101,101,0,1,11,"$90,199,500",2:46,2005
St. Louis Cardinals,30.8,29.7,101,100,1,6,14,"$92,106,833",2:48,2005
Tampa Bay Devil Rays,27.5,27.4,98,100,0,1,6,"$29,679,067",2:48,2005
Texas Rangers,27.9,30.5,106,105,0,4,17,"$55,849,000",2:52,2005
Toronto Blue Jays,28.0,28.2,102,102,1,2,8,"$45,719,500",2:46,2005
Washington Nationals,29.3,28.9,95,96,0,2,14,"$48,581,500",2:55,2005
Arizona Diamondbacks,29.7,28.8,105,105,0,1,14,"$59,984,226",2:52,2006
Atlanta Braves,27.5,29.4,100,99,2,3,12,"$90,156,876",2:50,2006
Baltimore Orioles,30.4,27.9,99,99,0,1,9,"$72,585,582",2:53,2006
Boston Red Sox,30.5,31.1,105,104,1,4,18,"$120,099,824",3:08,2006
Chicago Cubs,28.6,28.0,103,103,1,1,13,"$94,424,499",2:50,2006
Chicago White Sox,29.8,27.9,104,104,1,7,16,"$102,750,667",2:49,2006
Cincinnati Reds,29.6,29.5,104,104,1,1,13,"$60,909,519",2:50,2006
Cleveland Indians,27.7,28.6,99,98,0,1,14,"$56,031,500",2:54,2006
Colorado Rockies,27.8,28.8,109,109,0,2,10,"$41,233,000",2:51,2006
Detroit Tigers,29.3,28.8,100,99,1,3,15,"$82,612,866",2:46,2006
Florida Marlins,25.5,25.9,95,96,0,2,6,"$14,671,500",2:51,2006
Houston Astros,30.5,29.8,100,99,1,2,9,"$100,894,435",2:54,2006
Kansas City Royals,29.7,27.7,101,103,0,1,9,"$47,694,000",2:56,2006
Los Angeles Angels of Anaheim,28.8,27.9,100,99,1,1,15,"$103,472,000",2:48,2006
Los Angeles Dodgers,29.9,30.4,101,100,1,2,23,"$98,447,187",2:53,2006
Milwaukee Brewers,28.8,28.3,101,101,0,3,13,"$57,970,333",2:52,2006
Minnesota Twins,28.3,26.9,98,98,0,3,17,"$63,396,006",2:46,2006
New York Mets,30.2,32.2,98,97,2,6,15,"$101,584,963",2:54,2006
New York Yankees,30.9,32.5,101,99,4,4,15,"$194,663,079",3:08,2006
Oakland Athletics,29.7,27.0,97,97,1,1,10,"$64,843,079",2:47,2006
Philadelphia Phillies,29.3,30.5,105,104,0,3,18,"$88,273,333",2:56,2006
Pittsburgh Pirates,27.8,27.0,98,99,0,2,13,"$46,717,750",2:48,2006
San Diego Padres,30.7,30.6,91,90,2,1,14,"$69,896,141",2:50,2006
Seattle Mariners,28.7,28.0,97,97,0,2,16,"$87,959,833",2:47,2006
San Francisco Giants,33.7,28.7,100,100,0,1,14,"$90,056,419",2:46,2006
St. Louis Cardinals,29.6,28.6,99,99,0,4,12,"$88,891,371",2:51,2006
Tampa Bay Devil Rays,27.3,27.0,99,100,0,1,7,"$34,917,967",2:48,2006
Texas Rangers,28.4,28.3,101,101,0,2,15,"$68,228,662",2:49,2006
Toronto Blue Jays,28.6,28.1,100,100,1,5,11,"$71,365,000",2:52,2006
Washington Nationals,28.5,28.9,94,95,0,1,10,"$63,143,000",2:57,2006
Arizona Diamondbacks,26.6,28.2,107,107,1,3,13,"$52,067,546",2:53,2007
Atlanta Braves,27.7,29.4,98,98,2,2,12,"$87,290,833",2:53,2007
Baltimore Orioles,30.4,29.0,101,102,0,1,9,"$93,174,808",2:59,2007
Boston Red Sox,30.1,31.1,106,105,1,6,19,"$143,026,214",3:09,2007
Chicago Cubs,29.3,28.4,105,104,0,2,14,"$101,670,332",2:50,2007
Chicago White Sox,29.8,27.7,104,104,1,1,14,"$108,671,833",2:53,2007
Cincinnati Reds,29.7,29.1,104,104,1,1,12,"$68,524,980",2:52,2007
Cleveland Indians,28.0,29.4,101,100,0,3,13,"$61,673,267",3:02,2007
Colorado Rockies,27.9,28.1,107,108,0,2,10,"$54,041,000",2:56,2007
Detroit Tigers,30.9,28.5,102,101,1,5,17,"$95,180,369",3:00,2007
Florida Marlins,26.7,26.2,97,98,0,1,8,"$30,507,000",2:57,2007
Houston Astros,31.4,30.2,100,100,1,2,11,"$87,759,000",2:55,2007
Kansas City Royals,28.0,27.1,100,101,0,1,10,"$67,691,500",2:57,2007
Los Angeles Angels of Anaheim,28.6,28.4,101,100,1,3,14,"$109,251,333",2:51,2007
Los Angeles Dodgers,29.7,31.1,101,100,0,3,20,"$108,454,524",2:54,2007
Milwaukee Brewers,27.7,29.1,100,100,0,4,14,"$70,986,500",2:53,2007
Minnesota Twins,28.4,27.4,95,95,0,3,13,"$71,439,500",2:48,2007
New York Mets,30.7,31.3,98,97,2,4,19,"$116,181,663",2:57,2007
New York Yankees,30.8,31.4,101,100,3,3,16,"$207,039,045",3:14,2007
Oakland Athletics,28.9,26.9,94,94,1,1,10,"$79,366,940",2:53,2007
Philadelphia Phillies,28.8,30.6,104,103,0,3,15,"$89,428,213",3:03,2007
Pittsburgh Pirates,27.2,27.1,97,98,0,1,11,"$38,537,833",2:47,2007
San Diego Padres,29.9,31.5,90,90,2,3,12,"$58,110,567",2:48,2007
Seattle Mariners,29.9,28.1,96,97,0,2,10,"$106,460,833",2:49,2007
San Francisco Giants,32.7,27.3,101,101,0,1,14,"$90,219,056",2:50,2007
St. Louis Cardinals,30.2,29.6,99,99,0,1,13,"$90,286,823",2:54,2007
Tampa Bay Devil Rays,25.9,27.0,98,100,0,1,9,"$24,623,500",3:00,2007
Texas Rangers,29.4,27.7,101,101,0,1,13,"$68,643,675",2:59,2007
Toronto Blue Jays,30.5,27.3,100,99,2,1,10,"$81,942,800",2:52,2007
Washington Nationals,27.9,27.5,94,95,0,1,9,"$36,947,500",2:55,2007
Arizona Diamondbacks,26.7,29.4,107,107,1,2,11,"$66,202,712",2:52,2008
Atlanta Braves,27.2,28.6,98,97,3,2,12,"$102,365,683",2:52,2008
Baltimore Orioles,30.1,27.9,101,102,0,1,9,"$67,196,246",2:58,2008
Boston Red Sox,29.8,29.2,107,106,1,7,21,"$133,390,035",3:06,2008
Chicago Cubs,30.1,28.9,107,106,0,8,14,"$120,345,833",2:55,2008
Chicago White Sox,30.6,28.3,104,105,2,2,16,"$121,189,332",2:51,2008
Cincinnati Reds,28.6,28.7,102,102,1,1,10,"$74,167,695",2:55,2008
Cleveland Indians,27.6,28.6,98,97,0,2,12,"$78,970,066",3:01,2008
Colorado Rockies,27.5,28.5,109,109,0,2,12,"$68,655,500",2:54,2008
Detroit Tigers,30.3,29.9,102,102,1,1,17,"$138,785,196",3:00,2008
Florida Marlins,28.0,26.6,101,101,0,2,8,"$21,811,500",2:56,2008
Houston Astros,31.1,30.9,97,98,0,2,13,"$87,946,807",2:52,2008
Kansas City Royals,28.0,27.6,98,99,0,1,8,"$59,445,500",2:54,2008
Los Angeles Angels of Anaheim,29.0,27.6,102,102,1,3,16,"$119,216,333",2:47,2008
Los Angeles Dodgers,28.5,29.5,98,97,1,1,18,"$118,588,536",2:57,2008
Milwaukee Brewers,28.7,29.9,98,98,0,3,14,"$80,937,499",2:55,2008
Minnesota Twins,26.2,27.5,96,96,0,3,11,"$56,932,766",2:53,2008
New York Mets,30.1,29.0,98,98,1,2,11,"$137,793,376",3:02,2008
New York Yankees,31.4,30.6,103,101,4,3,19,"$212,286,789",3:05,2008
Oakland Athletics,27.2,26.5,94,94,1,1,8,"$47,967,126",2:48,2008
Philadelphia Phillies,30.1,30.6,102,101,0,2,12,"$97,879,880",2:55,2008
Pittsburgh Pirates,28.4,26.5,96,97,0,1,10,"$48,689,783",2:54,2008
San Diego Padres,28.9,30.2,87,88,2,1,11,"$73,677,616",2:52,2008
Seattle Mariners,29.7,28.5,96,97,0,1,11,"$117,666,482",2:47,2008
San Francisco Giants,29.6,27.1,102,102,0,2,12,"$76,594,500",2:53,2008
St. Louis Cardinals,28.8,30.2,98,98,0,2,12,"$99,624,449",2:54,2008
Tampa Bay Rays,27.0,27.5,101,101,0,3,13,"$44,970,597",3:02,2008
Texas Rangers,27.7,28.1,101,102,0,4,13,"$68,037,326",3:02,2008
Toronto Blue Jays,31.0,28.6,97,97,2,1,13,"$97,793,900",2:51,2008
Washington Nationals,27.7,27.3,98,100,0,1,13,"$54,961,000",2:50,2008
Arizona Diamondbacks,26.5,27.7,105,106,0,2,10,"$75,920,666",2:56,2009
Atlanta Braves,28.8,28.9,99,98,1,1,11,"$99,593,166",2:54,2009
Baltimore Orioles,28.7,28.1,101,102,0,1,14,"$69,904,166",2:52,2009
Boston Red Sox,30.0,29.8,105,104,2,6,23,"$125,439,499",3:06,2009
Chicago Cubs,29.9,28.4,107,106,0,1,11,"$139,652,000",2:52,2009
Chicago White Sox,29.8,29.5,105,105,1,1,16,"$101,081,000",2:46,2009
Cincinnati Reds,27.8,29.0,100,100,0,1,12,"$78,979,000",2:58,2009
Cleveland Indians,27.4,27.8,95,95,0,1,12,"$85,224,866",3:01,2009
Colorado Rockies,27.8,28.5,112,112,0,2,12,"$79,250,200",2:57,2009
Detroit Tigers,29.8,26.6,101,101,0,4,11,"$119,510,145",2:50,2009
Florida Marlins,27.0,26.3,102,102,0,2,6,"$40,029,000",3:00,2009
Houston Astros,31.6,31.2,98,98,1,2,12,"$105,804,414",2:51,2009
Kansas City Royals,27.6,28.7,97,99,0,1,6,"$76,817,333",2:54,2009
Los Angeles Angels of Anaheim,29.6,28.6,99,98,1,3,14,"$118,169,000",2:56,2009
Los Angeles Dodgers,29.7,27.8,95,95,1,3,19,"$102,117,592",3:08,2009
Milwaukee Brewers,29.3,30.0,98,98,1,3,11,"$81,384,502",3:00,2009
Minnesota Twins,27.6,27.9,98,98,0,3,11,"$67,804,266",2:56,2009
New York Mets,29.5,29.2,97,97,0,4,13,"$151,994,237",2:55,2009
New York Yankees,30.7,29.3,105,103,2,3,17,"$210,330,039",3:11,2009
Oakland Athletics,29.1,25.7,98,98,0,1,7,"$65,945,000",2:50,2009
Philadelphia Phillies,31.3,31.2,101,100,1,5,14,"$115,479,046",2:56,2009
Pittsburgh Pirates,27.0,26.3,98,99,0,2,10,"$51,912,500",2:49,2009
San Diego Padres,28.0,26.8,90,90,0,2,10,"$50,954,200",2:55,2009
Seattle Mariners,29.9,27.4,94,95,1,2,9,"$100,134,166",2:46,2009
San Francisco Giants,29.0,28.7,102,101,1,2,15,"$91,944,450",2:49,2009
St. Louis Cardinals,28.5,30.1,98,97,1,3,11,"$90,928,409",2:48,2009
Tampa Bay Rays,27.8,28.4,98,97,0,5,14,"$67,270,334",3:01,2009
Texas Rangers,27.8,27.7,104,104,1,3,19,"$79,723,548",2:51,2009
Toronto Blue Jays,29.9,28.4,100,99,1,2,12,"$83,964,500",2:56,2009
Washington Nationals,28.3,27.4,99,101,0,1,11,"$64,384,000",2:55,2009
Arizona Diamondbacks,26.8,27.9,105,105,0,1,8,"$61,368,166",2:58,2010
Atlanta Braves,28.6,30.1,98,97,1,6,19,"$84,423,666",2:56,2010
Baltimore Orioles,28.6,28.4,99,100,0,1,14,"$81,612,500",2:53,2010
Boston Red Sox,30.9,29.6,106,105,1,6,20,"$164,507,333",3:10,2010
Chicago Cubs,29.4,28.2,104,105,0,1,12,"$146,609,002",2:50,2010
Chicago White Sox,30.7,29.0,103,103,0,2,16,"$107,195,000",2:47,2010
Cincinnati Reds,29.0,28.2,102,101,0,4,14,"$75,321,542",2:56,2010
Cleveland Indians,27.2,26.6,94,95,0,1,12,"$61,203,966",2:54,2010
Colorado Rockies,28.8,28.1,115,115,0,2,10,"$90,677,000",3:00,2010
Detroit Tigers,29.0,26.5,102,101,0,3,11,"$124,039,928",2:54,2010
Florida Marlins,26.9,27.1,103,103,0,2,6,"$57,454,719",2:55,2010
Houston Astros,29.5,29.6,97,98,0,1,8,"$93,216,000",2:49,2010
Kansas City Royals,28.9,27.5,99,101,0,1,8,"$73,105,210",2:51,2010
Los Angeles Angels of Anaheim,29.7,28.3,96,96,0,2,15,"$104,963,866",2:54,2010
Los Angeles Dodgers,30.3,28.1,96,96,0,4,18,"$95,358,016",3:01,2010
Milwaukee Brewers,27.8,29.2,100,100,1,3,16,"$81,108,278",3:03,2010
Minnesota Twins,28.4,28.6,98,98,1,2,14,"$97,559,166",2:51,2010
New York Mets,28.4,29.5,97,97,0,2,10,"$134,422,942",2:57,2010
New York Yankees,30.4,30.3,106,104,2,8,21,"$210,733,389",3:09,2010
Oakland Athletics,27.8,26.0,99,99,0,2,8,"$57,904,900",2:44,2010
Philadelphia Phillies,31.8,31.1,102,101,1,3,18,"$141,928,379",2:54,2010
Pittsburgh Pirates,26.5,28.6,98,100,0,1,9,"$37,443,000",2:52,2010
San Diego Padres,29.1,27.2,91,91,0,2,10,"$37,799,300",2:56,2010
Seattle Mariners,29.6,27.1,93,95,1,1,14,"$86,510,000",2:43,2010
San Francisco Giants,29.6,27.9,97,97,0,2,11,"$98,641,333",2:52,2010
St. Louis Cardinals,28.8,30.2,97,96,0,5,14,"$93,540,751",2:52,2010
Tampa Bay Rays,27.5,28.0,95,94,0,4,14,"$71,923,471",3:02,2010
Texas Rangers,28.3,27.6,109,108,1,6,16,"$56,474,374",2:57,2010
Toronto Blue Jays,29.3,28.0,102,101,0,3,8,"$62,734,000",2:48,2010
Washington Nationals,29.1,28.0,99,100,1,1,12,"$67,701,000",2:57,2010
Arizona Diamondbacks,28.2,27.4,103,103,0,2,12,"$54,823,166",2:53,2011
Atlanta Braves,28.9,28.4,101,100,1,5,18,"$93,855,132",2:56,2011
Baltimore Orioles,28.3,28.2,102,103,1,1,15,"$88,299,038",2:54,2011
Boston Red Sox,30.1,30.3,105,105,1,6,21,"$166,662,475",3:13,2011
Chicago Cubs,29.3,29.4,101,102,0,1,14,"$136,547,329",2:58,2011
Chicago White Sox,30.0,28.5,106,106,0,2,15,"$127,789,000",2:49,2011
Cincinnati Reds,28.6,27.7,104,103,0,4,17,"$77,297,134",3:03,2011
Cleveland Indians,27.8,26.7,94,96,1,2,13,"$49,426,566",2:56,2011
Colorado Rockies,28.6,27.7,119,119,0,1,13,"$91,648,071",3:03,2011
Detroit Tigers,28.6,27.8,102,101,0,5,11,"$106,875,231",3:00,2011
Florida Marlins,27.4,28.0,101,102,0,1,11,"$57,694,000",2:58,2011
Houston Astros,28.2,27.2,98,99,0,1,7,"$71,110,500",2:56,2011
Kansas City Royals,25.8,26.4,99,100,0,1,13,"$35,712,000",2:54,2011
Los Angeles Angels of Anaheim,28.9,28.4,92,92,0,3,13,"$138,543,166",2:53,2011
Los Angeles Dodgers,29.8,28.6,96,96,0,3,15,"$103,785,477",3:02,2011
Milwaukee Brewers,28.9,29.3,103,103,0,3,14,"$86,636,333",2:56,2011
Minnesota Twins,27.5,28.5,99,99,1,1,10,"$112,737,000",2:50,2011
New York Mets,28.0,30.0,96,96,0,2,11,"$151,897,309",2:59,2011
New York Yankees,30.6,31.0,106,105,2,8,20,"$206,275,028",3:08,2011
Oakland Athletics,29.1,27.4,98,98,0,1,8,"$67,094,000",2:53,2011
Philadelphia Phillies,31.4,29.2,101,100,1,5,17,"$172,976,379",2:52,2011
Pittsburgh Pirates,27.2,28.1,95,97,0,3,12,"$45,047,000",3:00,2011
San Diego Padres,28.0,28.1,93,93,0,1,9,"$45,869,140",2:52,2011
Seattle Mariners,29.3,26.8,90,92,0,3,12,"$86,110,600",2:46,2011
San Francisco Giants,30.2,28.5,92,91,0,5,15,"$124,198,333",2:54,2011
St. Louis Cardinals,29.3,30.2,98,97,0,3,14,"$105,433,572",2:55,2011
Tampa Bay Rays,28.2,27.8,93,92,0,3,10,"$41,053,571",2:58,2011
Texas Rangers,29.1,28.8,109,108,0,5,16,"$93,799,264",2:55,2011
Toronto Blue Jays,28.3,27.6,104,104,0,2,6,"$64,567,800",2:55,2011
Washington Nationals,28.4,27.6,100,100,1,1,10,"$68,492,928",2:57,2011
Arizona Diamondbacks,28.3,27.4,103,103,0,1,13,"$67,069,833",2:58,2012
Atlanta Braves,28.5,27.6,102,101,1,4,16,"$86,208,000",2:55,2012
Baltimore Orioles,28.0,27.6,102,103,1,3,16,"$77,949,000",3:00,2012
Boston Red Sox,29.4,28.7,104,103,1,1,17,"$110,386,000",3:09,2012
Chicago Cubs,27.8,27.9,101,103,0,2,11,"$86,159,366",2:58,2012
Chicago White Sox,30.0,27.5,104,104,0,4,17,"$118,208,000",2:54,2012
Cincinnati Reds,28.8,27.1,104,104,0,3,14,"$80,309,500",3:00,2012
Cleveland Indians,27.8,27.6,94,95,0,2,13,"$78,911,300",2:58,2012
Colorado Rockies,28.1,28.2,117,117,0,1,13,"$75,485,000",3:06,2012
Detroit Tigers,27.9,28.2,105,104,0,3,10,"$131,394,000",2:59,2012
Houston Astros,26.6,27.2,100,102,0,1,8,"$37,651,000",3:02,2012
Kansas City Royals,26.1,27.3,102,102,0,1,14,"$61,747,075",2:57,2012
Los Angeles Angels of Anaheim,28.7,30.1,94,93,0,4,16,"$141,073,500",2:57,2012
Los Angeles Dodgers,30.4,29.0,96,96,0,2,16,"$177,033,600",3:05,2012
Miami Marlins,28.3,28.8,102,103,0,1,15,"$107,678,000",2:57,2012
Milwaukee Brewers,29.2,29.0,105,104,0,1,16,"$95,717,000",3:08,2012
Minnesota Twins,28.9,27.8,98,100,0,1,10,"$99,066,000",2:59,2012
New York Mets,27.9,30.3,95,96,0,2,9,"$91,621,424",2:56,2012
New York Yankees,32.9,30.3,104,103,2,4,20,"$197,977,900",3:07,2012
Oakland Athletics,27.7,27.9,95,95,0,1,13,"$61,202,500",3:02,2012
Philadelphia Phillies,31.1,29.1,102,102,2,3,15,"$171,501,558",2:56,2012
Pittsburgh Pirates,27.6,30.2,95,95,0,2,15,"$70,077,000",3:01,2012
San Diego Padres,27.4,28.0,91,91,0,1,12,"$55,494,700",2:56,2012
Seattle Mariners,27.0,27.9,92,93,0,1,12,"$78,235,600",2:56,2012
San Francisco Giants,27.8,30.0,89,89,0,4,15,"$117,637,350",3:02,2012
St. Louis Cardinals,29.2,28.6,98,96,0,6,16,"$112,071,000",3:01,2012
Tampa Bay Rays,29.7,28.1,95,94,0,2,12,"$63,368,700",3:06,2012
Texas Rangers,29.7,28.8,109,107,0,8,18,"$124,119,900",3:00,2012
Toronto Blue Jays,27.8,27.8,102,103,0,1,10,"$82,352,700",2:58,2012
Washington Nationals,27.2,27.0,101,101,0,4,14,"$92,386,000",3:03,2012
Arizona Diamondbacks,28.1,27.6,102,103,0,2,11,"$80,060,500",3:08,2013
Atlanta Braves,26.8,27.2,101,100,0,3,12,"$95,618,750",2:59,2013
Baltimore Orioles,27.8,27.9,103,102,0,5,18,"$100,832,000",3:01,2013
Boston Red Sox,29.6,30.2,103,103,1,3,20,"$175,395,500",3:15,2013
Chicago Cubs,27.9,28.7,102,103,0,1,9,"$67,874,166",3:07,2013
Chicago White Sox,29.2,27.1,104,105,0,2,12,"$81,401,900",3:02,2013
Cincinnati Reds,28.5,27.7,101,101,0,3,15,"$106,255,535",3:08,2013
Cleveland Indians,28.7,27.5,95,95,0,2,16,"$87,342,433",3:03,2013
Colorado Rockies,27.7,28.3,118,119,0,3,12,"$73,768,000",3:05,2013
Detroit Tigers,30.0,28.4,104,104,0,6,13,"$154,407,000",3:06,2013
Houston Astros,25.9,27.2,99,101,0,1,5,"$14,672,300",3:12,2013
Kansas City Royals,26.9,28.9,103,103,0,3,16,"$87,426,250",2:55,2013
Los Angeles Angels of Anaheim,27.8,29.1,94,94,0,1,10,"$116,532,500",3:12,2013
Los Angeles Dodgers,30.6,28.1,96,95,0,1,21,"$254,161,000",3:07,2013
Miami Marlins,27.7,26.0,102,103,0,1,9,"$24,761,900",2:57,2013
Milwaukee Brewers,27.9,28.8,103,103,0,2,12,"$86,945,000",3:03,2013
Minnesota Twins,28.3,28.3,101,102,0,2,9,"$63,042,500",3:06,2013
New York Mets,28.3,29.1,94,95,0,2,9,"$69,425,860",3:08,2013
New York Yankees,31.9,31.8,100,100,2,2,17,"$246,534,750",3:05,2013
Oakland Athletics,28.3,28.3,98,97,0,2,15,"$69,440,000",3:05,2013
Philadelphia Phillies,30.0,28.7,100,100,1,2,10,"$150,860,000",2:59,2013
Pittsburgh Pirates,27.9,28.7,95,95,0,5,19,"$99,230,000",3:06,2013
San Diego Padres,28.1,28.8,91,91,0,1,11,"$65,988,600",3:00,2013
Seattle Mariners,28.6,28.0,92,92,0,2,10,"$78,887,000",3:04,2013
San Francisco Giants,28.7,29.6,93,92,0,4,12,"$139,845,667",3:05,2013
St. Louis Cardinals,28.7,26.9,101,100,0,6,15,"$112,583,000",3:01,2013
Tampa Bay Rays,29.5,29.0,97,96,0,2,11,"$71,163,500",3:11,2013
Texas Rangers,29.6,27.9,103,103,0,3,17,"$139,261,200",3:04,2013
Toronto Blue Jays,29.0,30.9,102,103,0,4,12,"$124,517,800",2:55,2013
Washington Nationals,27.7,27.7,103,101,0,2,14,"$112,493,250",2:57,2013
Arizona Diamondbacks,27.6,28.0,102,102,0,2,13,"$89,926,500",3:03,2014
Atlanta Braves,26.8,27.3,98,97,0,3,11,"$108,081,500",3:04,2014
Baltimore Orioles,28.3,27.7,103,103,0,3,17,"$109,097,500",3:07,2014
Boston Red Sox,29.2,29.9,104,104,1,2,22,"$134,628,929",3:17,2014
Chicago Cubs,26.8,28.0,102,103,0,3,7,"$59,800,500",3:12,2014
Chicago White Sox,27.7,27.4,97,98,0,3,9,"$87,475,500",3:08,2014
Cincinnati Reds,29.0,28.0,100,100,0,5,11,"$102,230,000",3:03,2014
Cleveland Indians,28.6,27.2,103,102,0,1,14,"$73,509,399",3:12,2014
Colorado Rockies,27.4,28.5,116,116,0,2,9,"$95,403,500",3:12,2014
Detroit Tigers,29.8,28.5,101,101,0,4,18,"$169,135,500",3:14,2014
Houston Astros,25.4,27.9,100,101,0,1,6,"$44,736,800",3:10,2014
Kansas City Royals,28.2,28.9,104,103,0,3,16,"$89,804,075",3:02,2014
Los Angeles Angels of Anaheim,29.3,28.4,95,94,0,2,14,"$128,667,000",3:15,2014
Los Angeles Dodgers,29.3,29.9,96,95,0,4,21,"$233,386,026",3:14,2014
Miami Marlins,27.4,26.4,100,101,0,2,13,"$42,365,400",3:05,2014
Milwaukee Brewers,28.8,29.0,103,103,0,4,15,"$109,567,000",3:07,2014
Minnesota Twins,27.5,29.2,102,102,0,2,12,"$87,044,000",3:07,2014
New York Mets,28.4,28.9,94,94,0,1,11,"$82,663,615",3:08,2014
New York Yankees,32.8,29.3,100,100,1,3,19,"$258,118,959",3:12,2014
Oakland Athletics,29.6,28.2,98,97,0,6,16,"$89,160,900",3:05,2014
Philadelphia Phillies,30.8,30.1,101,102,0,1,12,"$176,444,967",3:09,2014
Pittsburgh Pirates,27.3,28.1,99,98,0,3,14,"$80,729,000",3:09,2014
San Diego Padres,27.9,28.8,92,92,0,2,6,"$76,662,100",3:01,2014
Seattle Mariners,27.5,29.0,95,95,0,4,13,"$95,471,000",2:59,2014
San Francisco Giants,28.6,31.7,95,94,0,3,16,"$163,510,167",3:05,2014
St. Louis Cardinals,28.6,27.2,100,99,0,4,15,"$129,932,500",3:03,2014
Tampa Bay Rays,29.3,28.4,97,97,0,1,13,"$77,814,300",3:19,2014
Texas Rangers,28.4,27.9,104,104,0,2,16,"$129,801,239",3:06,2014
Toronto Blue Jays,29.2,29.6,100,99,0,3,14,"$136,466,200",3:01,2014
Washington Nationals,28.8,28.3,104,102,0,2,15,"$137,235,080",3:05,2014
Arizona Diamondbacks,26.6,27.1,105,105,0,2,8,"$64,434,000",3:10,2015
Atlanta Braves,28.8,26.6,97,98,0,1,13,"$104,037,500",2:55,2015
Baltimore Orioles,27.9,28.3,102,102,0,4,13,"$112,989,833",2:55,2015
Boston Red Sox,28.3,28.6,107,107,1,1,20,"$183,931,900",3:06,2015
Chicago Cubs,26.9,29.3,98,97,0,2,17,"$115,306,610",3:02,2015
Chicago White Sox,28.2,27.8,96,97,0,1,11,"$112,889,700",3:00,2015
Cincinnati Reds,29.5,27.3,100,101,0,2,12,"$111,572,286",3:02,2015
Cleveland Indians,28.0,27.3,107,107,0,1,13,"$59,163,766",3:00,2015
Colorado Rockies,28.0,28.7,118,118,0,3,8,"$96,438,600",3:06,2015
Detroit Tigers,28.3,28.7,99,99,0,4,17,"$172,284,750",3:09,2015
Houston Astros,26.3,29.4,97,97,0,2,12,"$93,256,200",3:03,2015
Kansas City Royals,29.1,30.0,104,104,0,7,16,"$121,590,475",3:00,2015
Los Angeles Angels of Anaheim,28.7,28.3,94,94,0,3,11,"$131,522,500",3:00,2015
Los Angeles Dodgers,29.5,28.1,95,94,0,5,16,"$265,140,429",3:03,2015
Miami Marlins,27.9,27.3,96,97,0,2,12,"$71,231,500",2:51,2015
Milwaukee Brewers,28.1,28.4,100,101,0,2,13,"$70,869,500",3:01,2015
Minnesota Twins,28.3,29.1,100,101,0,2,14,"$107,755,000",2:57,2015
New York Mets,28.6,28.2,97,97,0,1,13,"$98,874,473",2:56,2015
New York Yankees,31.4,27.4,101,101,0,3,16,"$214,051,957",3:08,2015
Oakland Athletics,27.9,27.8,97,97,0,2,14,"$64,016,001",3:01,2015
Philadelphia Phillies,28.0,28.5,97,98,0,1,11,"$103,082,167",2:58,2015
Pittsburgh Pirates,28.2,29.6,99,99,0,4,15,"$104,457,499",3:06,2015
San Diego Padres,27.6,29.1,95,95,0,1,8,"$125,203,700",3:01,2015
Seattle Mariners,28.6,28.6,95,95,0,2,13,"$130,681,400",3:01,2015
San Francisco Giants,28.9,31.5,99,98,0,4,13,"$180,018,166",3:02,2015
St. Louis Cardinals,28.4,28.2,101,100,0,6,14,"$128,241,500",2:59,2015
Tampa Bay Rays,28.5,26.7,96,97,0,2,10,"$64,571,233",2:59,2015
Texas Rangers,28.7,28.1,105,105,0,1,13,"$178,860,789",3:04,2015
Toronto Blue Jays,29.6,29.2,103,102,0,3,19,"$117,917,400",2:53,2015
Washington Nationals,28.4,28.6,102,101,0,2,16,"$176,496,372",2:54,2015
Arizona Diamondbacks,26.7,26.4,107,107,0,1,12,"$78,399,500",3:14,2016
Atlanta Braves,28.9,26.4,98,99,0,1,13,"$74,999,750",3:08,2016
Baltimore Orioles,28.5,27.9,102,102,0,5,17,"$153,744,833",3:00,2016
Boston Red Sox,28.5,29.0,106,106,1,6,18,"$218,682,750",3:12,2016
Chicago Cubs,27.4,29.9,101,100,0,7,18,"$176,097,333",3:05,2016
Chicago White Sox,28.3,28.6,96,96,0,2,16,"$113,416,000",3:03,2016
Cincinnati Reds,27.8,27.1,101,102,0,2,9,"$77,329,561",3:04,2016
Cleveland Indians,29.0,28.1,109,107,0,3,13,"$94,511,067",3:03,2016
Colorado Rockies,27.8,27.7,116,116,0,2,8,"$89,707,000",3:11,2016
Detroit Tigers,30.0,29.0,100,101,0,1,15,"$199,902,000",3:05,2016
Houston Astros,26.4,28.9,94,93,0,2,13,"$89,498,000",3:04,2016
Kansas City Royals,28.5,29.9,102,102,0,4,14,"$125,132,675",2:59,2016
Los Angeles Angels,28.5,28.4,95,95,0,1,9,"$139,712,000",3:04,2016
Los Angeles Dodgers,28.9,28.9,97,96,0,3,18,"$231,342,096",3:10,2016
Miami Marlins,28.3,28.0,93,94,0,4,11,"$72,472,000",3:05,2016
Milwaukee Brewers,27.5,28.1,102,102,0,1,8,"$52,077,500",3:08,2016
Minnesota Twins,26.9,28.3,100,100,0,1,17,"$93,333,700",3:05,2016
New York Mets,29.5,28.4,96,96,0,4,13,"$155,221,282",3:05,2016
New York Yankees,30.1,27.9,103,102,0,3,20,"$193,229,350",3:03,2016
Oakland Athletics,28.7,27.9,96,97,0,1,12,"$54,969,067",2:56,2016
Philadelphia Phillies,26.9,26.3,99,100,0,1,6,"$84,846,666",3:03,2016
Pittsburgh Pirates,28.9,28.6,99,99,0,2,15,"$81,187,933",3:11,2016
San Diego Padres,28.1,28.1,95,95,0,2,11,"$50,656,166",3:06,2016
Seattle Mariners,30.5,28.8,96,96,0,1,12,"$137,169,100",3:02,2016
San Francisco Giants,29.1,30.0,96,96,0,4,15,"$177,021,333",3:10,2016
St. Louis Cardinals,28.5,28.0,98,97,0,2,13,"$150,353,500",3:01,2016
Tampa Bay Rays,27.7,26.9,95,95,0,1,9,"$48,223,791",3:01,2016
Texas Rangers,28.4,28.8,107,108,0,2,14,"$212,117,760",3:00,2016
Toronto Blue Jays,30.1,29.8,102,101,0,5,17,"$182,690,767",3:00,2016
Washington Nationals,28.8,29.1,103,102,0,5,15,"$152,967,400",3:08,2016
Arizona Diamondbacks,28.3,28.7,108,108,0,4,11,"$106,580,200",3:09,2017
Atlanta Braves,28.6,29.4,100,100,0,1,14,"$119,705,250",3:04,2017
Baltimore Orioles,28.6,28.2,97,99,0,1,15,"$161,621,633",3:09,2017
Boston Red Sox,27.3,28.4,105,104,0,3,18,"$200,550,750",3:20,2017
Chicago Cubs,27.1,30.8,103,101,0,1,18,"$177,210,667",3:09,2017
Chicago White Sox,26.7,28.7,97,98,0,1,13,"$97,842,000",3:10,2017
Cincinnati Reds,27.2,27.6,101,103,0,2,9,"$79,315,786",3:03,2017
Cleveland Indians,28.1,28.9,106,104,0,5,12,"$114,427,167",3:06,2017
Colorado Rockies,28.3,27.0,117,116,0,4,11,"$106,650,000",3:11,2017
Detroit Tigers,29.6,28.3,101,102,0,2,16,"$118,375,600",3:14,2017
Houston Astros,28.8,28.5,94,93,0,6,16,"$157,656,400",3:10,2017
Kansas City Royals,28.9,30.3,101,102,0,3,17,"$127,555,817",3:02,2017
Los Angeles Angels,29.9,29.1,97,97,0,1,8,"$181,125,500",3:11,2017
Los Angeles Dodgers,27.9,29.7,96,95,0,6,20,"$201,466,263",3:11,2017
Miami Marlins,28.3,28.7,90,91,0,2,10,"$111,591,100",3:06,2017
Milwaukee Brewers,27.4,28.3,101,101,0,1,9,"$68,439,300",3:10,2017
Minnesota Twins,27.1,29.6,100,101,0,3,17,"$103,932,500",3:11,2017
New York Mets,28.9,27.5,94,95,0,1,13,"$176,615,252",3:09,2017
New York Yankees,28.6,27.8,104,103,0,5,17,"$182,424,700",3:16,2017
Oakland Athletics,28.7,27.9,95,95,0,1,13,"$51,560,000",3:09,2017
Philadelphia Phillies,26.6,26.8,98,99,0,1,7,"$86,276,000",3:08,2017
Pittsburgh Pirates,28.2,27.1,97,98,0,1,9,"$102,953,333",3:07,2017
San Diego Padres,26.2,27.7,95,97,0,1,7,"$49,248,767",3:00,2017
Seattle Mariners,29.6,27.8,95,95,0,2,13,"$172,438,700",3:06,2017
San Francisco Giants,29.5,28.9,98,98,0,1,14,"$177,399,833",3:04,2017
St. Louis Cardinals,28.0,28.3,98,97,0,2,15,"$129,652,933",3:04,2017
Tampa Bay Rays,28.3,27.6,96,96,0,2,12,"$79,473,033",3:13,2017
Texas Rangers,28.4,28.8,110,110,0,1,13,"$207,326,274",3:13,2017
Toronto Blue Jays,31.0,28.8,101,102,0,2,15,"$158,890,575",3:09,2017
Washington Nationals,29.2,30.1,104,103,0,5,15,"$175,587,301",3:09,2017
Arizona Diamondbacks,29.2,29.6,105,104,0,3,13,"$134,850,600",3:10,2018
Atlanta Braves,27.4,27.7,101,101,0,4,16,"$115,848,667",3:04,2018
Baltimore Orioles,28.4,27.1,98,100,0,1,14,"$141,555,833",3:01,2018
Boston Red Sox,27.7,28.9,104,103,0,5,20,"$222,205,000",3:13,2018
Chicago Cubs,27.2,30.2,104,103,0,3,16,"$205,373,881",3:09,2018
Chicago White Sox,26.5,27.6,98,99,0,1,9,"$75,092,000",3:08,2018
Cincinnati Reds,27.2,27.1,102,103,0,3,9,"$94,587,500",3:03,2018
Cleveland Indians,29.4,29.4,103,101,0,6,15,"$143,375,233",3:03,2018
Colorado Rockies,28.7,27.9,117,117,0,3,11,"$136,658,500",3:04,2018
Detroit Tigers,27.9,28.6,103,105,0,1,10,"$111,531,000",3:00,2018
Houston Astros,28.1,30.0,99,97,0,6,16,"$172,781,200",3:04,2018
Kansas City Royals,28.6,27.6,100,101,0,1,7,"$95,199,167",2:57,2018
Los Angeles Angels,29.5,27.5,98,98,0,1,8,"$166,849,666",3:09,2018
Los Angeles Dodgers,28.1,29.2,98,96,0,3,19,"$164,703,429",3:13,2018
Miami Marlins,27.5,27.6,94,95,0,1,5,"$86,515,143",3:02,2018
Milwaukee Brewers,28.9,28.8,102,101,0,5,17,"$109,295,700",3:07,2018
Minnesota Twins,28.2,28.5,101,100,0,1,17,"$110,275,000",3:10,2018
New York Mets,28.4,28.0,92,92,0,1,19,"$161,403,844",3:01,2018
New York Yankees,27.2,28.8,100,98,0,4,16,"$160,643,032",3:11,2018
Oakland Athletics,28.0,29.2,97,97,0,2,14,"$69,883,333",3:05,2018
Philadelphia Phillies,26.7,26.8,102,102,0,1,8,"$93,874,333",3:10,2018
Pittsburgh Pirates,27.8,26.5,96,97,0,1,11,"$88,141,000",3:04,2018
San Diego Padres,26.9,27.7,93,95,0,1,6,"$93,821,067",3:00,2018
Seattle Mariners,29.8,29.0,94,95,0,4,14,"$157,090,065",2:58,2018
San Francisco Giants,29.8,28.6,93,94,0,2,14,"$202,060,277",3:01,2018
St. Louis Cardinals,28.1,26.7,97,96,0,2,14,"$157,713,667",3:10,2018
Tampa Bay Rays,27.1,27.1,97,96,0,2,13,"$46,011,667",3:01,2018
Texas Rangers,27.4,30.4,110,111,0,1,11,"$106,099,628",3:04,2018
Toronto Blue Jays,29.0,29.3,98,99,0,1,12,"$151,670,772",2:59,2018
Washington Nationals,27.5,30.2,106,105,0,3,16,"$188,886,699",3:07,2018
Arizona Diamondbacks,28.7,28.6,101,101,0,2,9,"$124,016,266",3:15,2019
Atlanta Braves,28.0,27.5,106,104,0,3,21,"$133,186,667",3:13,2019
Baltimore Orioles,26.5,27.3,100,102,0,1,4,"$82,696,100",3:07,2019
Boston Red Sox,27.3,29.0,106,105,0,3,15,"$218,978,142",3:25,2019
Chicago Cubs,27.7,31.1,100,100,0,3,19,"$217,805,215",3:12,2019
Chicago White Sox,27.6,27.6,98,99,0,3,10,"$80,846,333",3:10,2019
Cincinnati Reds,27.9,28.2,106,106,0,2,13,"$109,737,499",3:03,2019
Cleveland Indians,27.8,28.3,104,102,0,4,13,"$151,257,783",3:03,2019
Colorado Rockies,28.2,27.3,116,117,0,4,10,"$145,348,500",3:14,2019
Detroit Tigers,27.6,27.8,101,103,0,1,11,"$100,618,500",3:02,2019
Houston Astros,28.9,29.9,103,100,0,6,18,"$166,042,500",3:05,2019
Kansas City Royals,27.6,27.9,102,103,0,1,4,"$98,183,242",3:03,2019
Los Angeles Angels,28.8,27.0,100,100,0,2,10,"$177,245,250",3:15,2019
Los Angeles Dodgers,27.9,28.9,97,94,0,5,15,"$193,553,333",3:12,2019
Miami Marlins,28.4,26.5,96,97,0,1,6,"$74,683,643",3:05,2019
Milwaukee Brewers,28.9,28.7,101,101,0,5,14,"$128,842,900",3:16,2019
Minnesota Twins,27.8,28.2,99,98,0,3,15,"$113,758,333",3:14,2019
New York Mets,27.9,28.6,93,93,0,3,18,"$154,837,230",3:09,2019
New York Yankees,28.3,30.2,98,96,0,5,17,"$228,442,421",3:11,2019
Oakland Athletics,27.8,30.8,94,93,0,2,10,"$102,935,833",3:07,2019
Philadelphia Phillies,27.6,28.4,101,101,0,1,12,"$141,786,962",3:15,2019
Pittsburgh Pirates,27.4,27.2,97,98,0,2,11,"$72,915,501",3:12,2019
San Diego Padres,26.1,26.3,94,95,0,1,8,"$90,260,767",3:07,2019
Seattle Mariners,27.8,28.6,94,94,0,1,10,"$126,874,600",3:08,2019
San Francisco Giants,29.9,28.9,95,95,0,1,15,"$175,450,753",3:07,2019
St. Louis Cardinals,28.8,27.8,96,95,0,1,14,"$161,120,267",3:10,2019
Tampa Bay Rays,27.2,27.8,96,95,0,3,10,"$56,071,767",3:11,2019
Texas Rangers,28.8,28.3,111,112,0,3,11,"$104,433,499",3:11,2019
Toronto Blue Jays,25.9,28.0,97,98,0,1,9,"$64,680,671",3:07,2019
Washington Nationals,28.7,30.8,102,102,0,2,16,"$203,016,595",3:12,2019
Arizona Diamondbacks,28.9,28.5,99,100,0,1,9,"$77,691,667",3:15,2021
Atlanta Braves,28.2,29.5,104,103,0,3,18,"$127,230,000",3:08,2021
Baltimore Orioles,26.7,28.1,102,104,0,1,4,"$42,075,000",3:06,2021
Boston Red Sox,28.0,29.7,107,107,0,5,9,"$156,095,000",3:17,2021
Chicago Cubs,29.1,29.4,100,100,0,2,10,"$144,413,500",3:16,2021
Chicago White Sox,28.1,28.3,102,101,0,4,10,"$115,546,333",3:09,2021
Cincinnati Reds,28.9,28.9,110,111,0,2,11,"$116,784,881",3:14,2021
Cleveland Indians,26.7,26.3,100,100,0,2,5,"$50,425,500",3:04,2021
Colorado Rockies,28.1,28.3,112,114,0,1,4,"$92,675,000",3:12,2021
Detroit Tigers,28.1,27.3,97,99,0,1,7,"$78,590,500",3:06,2021
Houston Astros,28.9,28.7,101,99,0,4,13,"$190,400,000",3:19,2021
Kansas City Royals,29.3,27.9,103,105,0,2,8,"$86,820,000",3:08,2021
Los Angeles Angels,29.1,28.6,103,104,0,3,12,"$188,408,595",3:12,2021
Los Angeles Dodgers,29.2,28.8,103,100,0,5,20,"$248,108,334",3:18,2021
Miami Marlins,28.2,27.3,99,100,0,1,9,"$33,150,000",3:11,2021
Milwaukee Brewers,28.7,28.1,99,98,0,5,14,"$85,517,626",3:16,2021
Minnesota Twins,28.3,29.8,98,98,0,2,11,"$120,158,333",3:10,2021
New York Mets,28.2,29.5,96,95,0,2,14,"$184,675,167",3:09,2021
New York Yankees,29.3,29.3,100,99,0,3,17,"$209,799,047",3:16,2021
Oakland Athletics,30.1,30.1,95,95,0,2,11,"$94,555,834",3:08,2021
Philadelphia Phillies,29.1,28.8,99,99,0,2,12,"$185,286,962",3:17,2021
Pittsburgh Pirates,27.5,27.4,99,102,0,2,8,"$50,255,000",3:11,2021
San Diego Padres,28.0,29.6,92,92,0,5,12,"$121,717,619",3:18,2021
Seattle Mariners,27.0,28.0,95,95,0,1,7,"$64,605,500",3:12,2021
San Francisco Giants,30.6,29.7,98,98,0,3,13,"$150,863,778",3:12,2021
St. Louis Cardinals,28.5,30.1,94,93,0,3,13,"$155,329,667",3:10,2021
Tampa Bay Rays,27.7,28.8,94,92,0,3,10,"$64,037,166",3:07,2021
Texas Rangers,26.8,27.8,100,102,0,3,7,"$67,890,999",3:05,2021
Toronto Blue Jays,26.8,29.1,104,103,0,4,18,"$121,694,071",3:04,2021
Washington Nationals,28.6,30.1,94,96,0,4,17,"$172,370,147",3:13,2021
